id;start_date;end_date;language
1;2024-02-20T17:08:01;2024-02-20T19:38:16;ENGLISH
2;2024-02-21T05:47:34;2024-02-20T19:50:08;SPANISH
3;2024-02-20T12:15:21;2024-02-20T19:53:20;FRENCH
4;2024-02-20T17:19:39;2024-02-20T13:39:21;FRENCH
5;2024-02-20T14:01:09;2024-02-21T08:09:52;SPANISH
6;2024-02-21T00:14:48;2024-02-20T17:26:00;FRENCH
7;2024-02-20T19:49:57;2024-02-21T02:42:21;SPANISH
8;2024-02-21T03:10:42;2024-02-21T05:53:24;FRENCH
9;2024-02-20T19:21:04;2024-02-20T23:25:50;SPANISH
10;2024-02-20T11:56:46;2024-02-20T17:53:52;ENGLISH
